0,0.004208998788092232
1,0.0
2,0.016286829440952676
3,0.0
4,0.0
5,0.0028899078778117835
6,0.0
7,0.0049843250531752745
8,0.0246854385597769
9,0.0003691147855329223
10,0.0
11,0.007850314802789738
12,0.0
13,0.0
14,0.0
15,0.0
16,0.0
17,0.0
18,0.0074201075105723956
19,0.0006953626633881105
20,0.0
21,0.0
22,0.0
23,0.0
24,4.314464641778905e-05
25,0.0008436937621087735
26,0.005121376729420081
27,0.0
28,0.0008097168626753546
29,0.000809603768835711
30,0.0
31,0.04116792473108579
32,0.0
33,0.0014286535620889724
34,0.0
35,0.003689905196564079
36,0.0
37,0.0003967370512916326
38,0.0
39,0.0
40,0.016368511900692908
41,0.03524007525110205
42,2.9125441382976303e-06
43,0.0072409585493096095
44,0.0
45,2.281597100738638e-05
46,5.7926377263793394e-05
47,0.0025342081055588542
48,0.0
49,0.0017039018756006912
50,0.0028092947269838593
51,0.003523611573486331
52,0.0026566518736928332
53,0.0003692443373777536
54,0.0
55,0.0016708163400060057
56,2.421915642762486e-05
57,0.0002910065321171418
58,0.0
59,0.0003700970160739454
60,0.0015330945808141217
61,0.0022192892789243707
62,0.009787683057072488
63,0.0
64,0.0
65,1.6167460213748143e-06
66,0.016328026765131523
67,0.001398237148108628
68,0.000943058125072736
69,0.00024376712957611664
70,8.338963854646599e-07
71,0.01071297261103105
72,0.0014117671110852588
73,0.0026224407868090764
74,0.00013336130423697955
75,0.0008934727782271224
76,0.0
77,0.000535005098383763
78,6.08863111792753e-05
79,0.00011320053900740769
80,0.00025412843108505226
81,0.0
82,1.5672644457495258e-05
83,0.0004692841360371295
84,0.00044487799855959584
85,4.1968956276732564e-06
86,7.82958486587706e-05
87,0.002243537840832731
88,0.0
89,0.0005869906757825775
90,2.836951082330271e-06
91,0.0
92,4.362268474885265e-05
93,0.0004020158800897765
94,0.008084275539968284
95,0.0008072000060484085
96,0.006655430594990054
97,7.143955712969461e-06
98,0.0003238001211842291
99,0.0005143721465816194
100,0.0031603526138360774
101,0.0002637151797567924
102,0.0298446228852284
103,2.554189278310639e-05
104,0.032538020441266906
105,8.93510216254282e-06
106,0.0
107,0.0
108,0.0006153194390269989
109,3.4551569066750185e-07
110,9.074483223126021e-06
111,0.0
112,0.0
113,8.909434483393387e-05
114,0.0
115,0.0
116,0.0
117,0.0007815277108104566
118,0.0002335067307397361
119,0.000560872865393596
120,0.00012170356150605186
121,0.0
122,0.0
123,0.0011320931688518702
124,7.23038952171231e-05
125,0.0
126,0.000399900635639937
127,0.010652797134705528
128,8.490103945385237e-07
129,0.0
130,0.0019687527587534215
131,0.0015431897187195788
132,1.0919475683472382e-06
133,7.141326338706095e-06
134,0.001686063682060045
135,0.0
136,1.618726558662223e-05
137,0.0
138,0.0
139,0.0003799017426176307
140,0.0
141,0.0025483856164153404
142,0.0009497886289018824
143,0.012726701792496404
144,0.00021245471431390582
145,5.4692007936948215e-05
146,1.9852367638970857e-05
147,0.0
148,0.0006239930114314865
149,0.0
150,0.0006290371855700975
151,0.00011003233983257691
152,0.0
153,0.00022776210804582354
154,0.00033187679999247997
155,0.0
156,0.0
157,0.0
158,0.0
159,0.0004187316137044713
160,0.0003347624521433793
161,3.221342708123639e-05
162,0.00024283825047493118
163,0.0003902897935077749
164,0.0
165,9.943146948227459e-06
166,4.419821410758017e-05
167,0.00010830606187936035
168,0.0
169,0.0
170,0.0
171,0.002208651237012579
172,0.00011532218106518333
173,0.00014832430485304087
174,0.0016143665051405595
175,0.010134895015283984
176,0.00016009344916254506
177,0.0
178,0.0
179,0.00011217039674583565
180,0.0004529538087764597
181,0.0
182,0.001122537681982225
183,0.0006118919085040981
184,0.0007240697734598771
185,6.980403060543352e-06
186,0.0005149276240617293
187,0.0
188,0.00044444873672755793
189,1.2030020542701797e-05
190,0.002532557391280716
191,0.0
192,0.0034345098868693138
193,0.019577507526843882
194,0.0
195,0.0
196,0.0
197,0.00034836449878712124
198,0.005584761263983903
199,0.0
200,0.000594116074278553
201,0.0
202,0.00010911508909201328
203,0.0034524343701439145
204,1.3678406186383556e-06
205,0.0
206,0.0
207,0.0
208,0.0008774421426037754
209,0.0
210,0.002818206448913133
211,0.008599401678418729
212,0.0
213,0.0009540813848857628
214,2.630695197659374e-05
215,0.0
216,0.0
217,0.0
218,0.0001335905445369811
219,0.0017751346055161002
220,0.0017916574066729957
221,6.834518385661385e-06
222,0.0
223,0.0020358629406382117
224,2.065165867292242e-05
225,1.8272807335169594e-06
226,5.289820392048071e-06
227,0.001710809795682199
228,0.0
229,0.0
230,0.0
231,3.1660555080171495e-06
232,0.0012607057550406773
233,0.00231959598993802
234,2.4511475144244025e-05
235,0.0008120855122329672
236,2.453930220011114e-05
237,0.0
238,0.00013144415041393715
239,0.0
240,1.2310651667320626e-05
241,0.0016567572136409522
242,2.956076762609242e-05
243,0.00019551057480868085
244,0.0006271459040663887
245,0.0
246,1.576648695032984e-06
247,0.0010830645099289412
248,0.024577626606520037
249,0.0037087062712120285
250,0.0
251,0.00379902603758958
252,0.0
253,0.00391132519237112
254,0.0
255,0.00013817383724091883
256,0.0009775987197529123
257,0.0
258,0.0005011121435336338
259,0.004034866309052655
260,3.7626109485898306e-06
261,0.0
262,0.004837105574538726
263,4.275905813319584e-07
264,0.0
265,0.003556987243602506
266,4.189857573945556e-06
267,0.0
268,1.5071689518064636e-05
269,0.0
270,0.00013046754659388937
271,0.0006576079666850601
272,4.241410437111687e-05
273,0.0005768934295286407
274,0.0
275,0.0002363738115759829
276,0.007106399752876232
277,0.00046252416978968775
278,0.0
279,3.869089204122972e-06
280,0.002137198439035133
281,0.0015576020932696526
282,0.003589616561115362
283,0.0
284,0.000260454271857878
285,0.0001459007267234329
286,0.0
287,0.0009293620484517346
288,0.001994989321964788
289,4.5867587226859905e-05
290,0.0006384854646515334
291,0.0
292,0.0
293,0.0007310496548308239
294,5.139254287858063e-07
295,0.002051418315461943
296,0.006125103498687534
297,0.000689145164511781
298,0.0009867555125725271
299,0.0007506604447056155
300,0.0
301,0.003347829294191002
302,0.0008437703632650025
303,0.0005154375704108786
304,0.0005599038847804653
305,0.0035530322168148545
306,0.0002096475380684225
307,0.009501598497365106
308,0.0026247173903840657
309,1.618916823093404e-06
310,0.0008643875736274924
311,0.00037608929192254004
312,0.0001759938376146177
313,0.0008346330947402009
314,9.717875226396012e-05
315,0.0011967111302254683
316,0.0050908138324761215
317,0.0012495359803811072
318,0.0005973417457454822
319,0.0
320,0.006246861336783595
321,5.781856199135299e-05
322,0.008704895719600649
323,0.0005336991353329492
324,0.010468499145859948
325,0.0011057559830035544
326,0.00014444189244630355
327,0.00011523818982558948
328,0.00047571181008808475
329,0.0
330,0.0
331,0.00022704759495673912
332,0.0001631212847464733
333,0.000980571331163517
334,0.00031812184758550486
335,1.872971753678162e-05
336,0.0019924329199541664
337,0.001309156818018788
338,0.0011681703741394265
339,1.7837805634186623e-05
340,0.002196535523057686
341,0.0034525317391974645
342,0.001585077193435273
343,8.341281024675847e-05
344,0.0011715377592721127
345,0.0034436928345308636
346,2.2506735167936364e-07
347,1.2548109192885745e-06
348,0.003914722367869597
349,0.0007371735736253109
350,2.7363378800550208e-05
351,0.00031754679381825607
352,0.0029722233131397
353,3.731787886130366e-06
354,0.00010216519034065132
355,0.0014309105567407233
356,0.005843920119037382
357,0.0007819172628011178
358,3.938767294943681e-05
359,0.0
360,0.0002885541449260711
361,5.805836767499506e-05
362,2.416007610954818e-05
363,0.00018916124628674247
364,0.00035087584155353997
365,7.506826166152445e-05
366,0.0003092127446816868
367,0.00399880695517271
368,0.0
369,0.00017002762346105817
370,0.001243878916252155
371,0.017693440636883096
372,6.239248846751818e-05
373,7.190876667671726e-06
374,0.001318519639215566
375,0.0008828415805673723
376,0.000817500810998806
377,0.0009277280777204398
378,0.0006412530777409591
379,0.0
380,0.0
381,0.0
382,0.0
383,1.4499532847767636e-06
384,6.512705150983317e-05
385,0.0005082688247353739
386,8.671693509466268e-06
387,0.0008640276325445265
388,0.004654692295657641
389,9.953630355750887e-07
390,0.0010375562969579446
391,0.0022547790163468203
392,0.003607275028492814
393,0.0016533364428136198
394,8.829389114469193e-06
395,0.0014061160922716335
396,0.0
397,0.00459966450716605
398,0.0011001781383387795
399,0.033130186640064924
400,0.0005453860168527601
401,0.0013438610567238164
402,1.7738970257046702e-05
403,5.2331248437059144e-05
404,0.00038884288490805794
405,0.0
406,0.0006096557874677225
407,0.00013443471818742756
408,0.0006532767215734321
409,3.5261438779797438e-06
410,0.0
411,0.0
412,0.0005376153328665118
413,2.1438851616795747e-06
414,0.001671323325856869
415,2.205939274615275e-06
416,0.0
417,0.0007760883260284938
418,0.0
419,0.0
420,5.4538236283493495e-05
421,0.0009177963012418372
422,0.0002554019924993215
423,4.966239746303067e-05
424,9.995051479938005e-05
425,0.0
426,0.000882931454634432
427,1.5929672622449864e-06
428,0.002319413669267284
429,0.0008711937036217606
430,0.0028274004078395628
431,8.861652975763079e-06
432,3.0237046546525337e-05
433,6.798172289508071e-06
434,0.0
435,0.0
436,0.0013642761613915071
437,0.0006218749278402702
438,0.000561834565208971
439,0.0006304832643488203
440,2.8380777507600904e-05
441,0.0002755053468089341
442,0.00033343669537099874
443,0.0
444,0.0007691554794460422
445,0.0
446,0.0013434491247607048
447,0.0012269476075871394
448,0.0003445210393458427
449,0.0
450,0.0005369382884566587
451,0.0
452,0.00038050893322210555
453,0.0034451417040120675
454,0.0
455,0.002492997260903219
456,1.8647375574351343e-06
457,0.0
458,0.0
459,0.0017294998533507193
460,0.0
461,0.002805974488221552
462,0.0021778524470978068
463,0.0
464,9.72743120290326e-05
465,1.9739776781388607e-05
466,2.788000654698717e-07
467,0.0008227868658400035
468,0.0006120329285519143
469,3.280475868503403e-05
470,0.0
471,1.424572122986465e-06
472,6.174575685513501e-05
473,0.004199239675904712
474,0.010079611876144019
475,0.0
476,0.0006664233396242025
477,0.0
478,0.0017605398920763394
479,6.7204016717564e-06
480,0.0018981837039173648
481,0.0034760780409572247
482,0.000909787577144858
483,2.880430080731814e-05
484,0.0
485,0.0
486,0.00012988208887617373
487,0.0003327465999847694
488,1.1227706815253992e-06
489,0.0
490,0.0
491,0.00037912710688511636
492,4.0207120910575375e-06
493,0.0009229191224577913
494,0.005509265044492249
495,0.00011352154953038318
496,7.289291835582184e-05
497,0.004641668720162586
498,0.0
499,0.0
500,9.621920448786575e-05
501,0.003730850337238524
502,0.0006919585828903862
503,0.0012548660289772695
504,0.0
505,0.0
506,7.041339286092899e-05
507,7.883595403778248e-06
508,0.0023544588131036064
509,0.0
510,6.2103188824619e-05
511,0.0
512,0.004032018466651351
513,0.0020777143854407002
514,1.3253110777575765e-05
515,0.0004593572920603144
516,0.0014842159238556924
517,0.0011790797695098623
518,0.0
519,0.0004899235639788294
520,3.9378555779228815e-06
521,5.536611479463862e-05
522,0.01621291025999129
523,0.0
524,0.001351314488384384
525,0.0
526,0.0015174040981873942
527,0.0
528,0.0
529,0.0
530,0.0
531,0.00023390986958495534
532,0.0
533,0.00012191087260329012
534,8.33272535444669e-06
535,0.004388279585431609
536,0.00040645313310723913
537,0.0017407495350272853
538,0.00012453824282726786
539,0.0013139133638989267
540,1.7818288215103196e-05
541,0.003318404947938148
542,0.00019975474128182115
543,0.0005504154173679341
544,0.0008137333787872798
545,0.0015445713848809208
546,0.0017755752416103029
547,9.459705414901489e-05
548,0.00043076057033078713
549,0.0
550,0.00014477438837609048
551,0.00013281238703128628
552,1.612103462904449e-05
553,3.1618164674776674e-06
554,0.0020380199687190107
555,0.0
556,0.0009974835650082318
557,0.0
558,1.1935518189074768e-06
559,0.0005068844226114867
560,0.0023460214653116245
561,1.8539430128512458e-05
562,0.0005269438177046276
563,0.0
564,0.0
565,0.0
566,0.0012988202957767321
567,1.6608132850100963e-06
568,0.001652945516048558
569,0.000109828184380194
570,3.6835941879777875e-05
571,0.0
572,0.00040917695059297085
573,6.0307425470975336e-05
574,0.00032267666374461237
575,0.001973047256507317
576,1.463540277286808e-07
577,8.314222926595847e-06
578,0.0
579,1.1705425860228989e-06
580,0.0004168730804510714
581,0.0008668046246596828
582,0.0005937860108072148
583,0.0
584,3.0070140589247348e-05
585,0.004132371416247512
586,1.2938857155890261e-05
587,0.00043620587294577925
588,1.774491937118554e-05
589,0.0015625758358212597
590,6.833208715270849e-06
591,0.0009893312661105988
592,0.00016970414506966747
593,0.0007386636843829032
594,0.0014336192461320914
595,0.002300392128865018
596,2.100167330306914e-05
597,0.014919086673376901
598,0.0002888638895021428
599,0.00021656394829929282
600,0.0004541084136062185
601,1.4386524956691223e-05
602,0.0010125406241145488
603,0.0
604,0.004890166704903626
605,0.0008210123868886422
606,0.0006952840665160155
607,0.0
608,0.0015750231023225225
609,2.2420689091243968e-05
610,2.763654953033324e-07
611,2.369686504708159e-05
612,0.0
613,1.8661043261986631e-07
614,0.004104896421024596
615,0.0007414764033632412
616,0.005569000687149783
617,0.0
618,0.00012244061620917502
619,0.0009607279575070301
620,0.002146489173399194
621,9.891884590801211e-05
622,0.0
623,3.9005866307934375e-05
624,0.002191827486809549
625,0.006983753647698814
626,0.0007535343930379028
627,0.0
628,1.7265432715328794e-05
629,0.0
630,0.0
631,0.0003260124229314089
632,0.0
633,3.318848347175758e-05
634,9.873698268605201e-05
635,0.00013513168137246431
636,0.0
637,0.025231683345217453
638,0.0028471281698298164
639,0.0013443550958919098
640,4.356471452499071e-06
641,0.0023736703733388737
642,0.0005583299647050941
643,0.0059249085926495445
644,0.0003539561882228422
645,0.00038524526133851543
646,3.6374417323584976e-07
647,0.0
648,0.00021978416571676677
649,0.0
650,3.541858434639578e-05
651,0.0049830622872126615
652,0.0
653,0.003845805577050063
654,0.0030203731760912044
655,0.0
656,3.7113876096392e-05
657,0.00036676640437032225
658,0.00020289304272441436
659,1.1461103105005878e-05
660,0.0
661,1.1430152887934148e-06
662,0.0
663,0.0
664,2.0911632229510822e-06
665,8.635131310785095e-05
666,0.00022052179563140052
667,0.0
668,1.2170903525897982e-05
669,0.0
670,0.0
671,0.0
672,0.002821388170778634
673,0.00046106196605089485
674,4.84246794362392e-06
675,0.00011936348926096901
676,1.776598875247986e-06
677,0.00011715551385460016
678,0.009085582271360151
679,1.791611164019686e-06
680,0.0011723431223382983
681,0.0
682,0.0017377251341282656
683,0.0
684,0.0
685,0.0013792771383622322
686,0.005848301312298
687,0.00020252252253364695
688,0.00013781247721508867
689,0.0
690,0.0
691,0.0
692,0.0
693,0.0
694,0.0
695,7.603923670668225e-07
696,0.008727676795382583
697,5.757145847392728e-06
698,0.0009881117793314896
699,0.00027471534507035687
700,0.003301409600364183
701,0.0
702,0.0
703,0.010923459571370944
704,0.0003764094346235335
705,0.0013908532295141194
706,0.0
707,0.002351231071787537
708,1.1241406518103729e-06
709,0.0017682999854307445
710,0.004596222909935294
711,0.0015590693267004644
712,0.02386415005677414
713,0.001915268494769042
714,2.882856041640496e-06
715,0.00011922890628269742
716,0.0
717,0.0
718,0.0018582078308117477
719,3.0653929721543296e-05
720,0.0011106659319290277
721,0.0
722,0.0
723,6.679969609407665e-05
724,0.0023775459815404093
725,9.777189530119346e-05
726,9.803402700854075e-05
727,0.0006472119755162349
728,0.0
729,0.0
730,4.827549490628269e-05
731,7.401203484300912e-05
732,0.0018055228665735197
733,0.00016141630937443352
734,0.00028729197843038815
735,3.078771913171168e-06
736,2.52223881979447e-06
737,0.0007100404021497887
738,0.0005806741483011323
739,0.0005108800125087654
740,0.00025772958974324545
741,0.0
742,0.0
743,0.0
744,0.0
745,0.0
746,0.0005237336290556815
747,0.0
748,0.00029170497763873385
749,0.0
750,7.961867009793065e-06
751,0.0003384235799315026
752,0.002597739098985902
753,0.0001991622990317567
754,0.0002059901505293623
755,0.0
756,7.2659838016548365e-06
757,0.0015968021914629059
758,0.0
759,1.940037626594483e-05
760,0.00041094434892357417
761,0.0014669529249498876
762,0.0
763,0.0
764,0.002919486637489345
765,0.00032887374724652034
766,2.96378444167395e-06
767,0.002278229339002828
768,0.0
769,0.0022253502688890136
770,0.00020892681504333804
771,0.0
772,2.5982163911431584e-05
773,0.00037173192831911454
774,0.0
775,0.000134635626817911
776,0.0014373522551278536
777,0.0007705978105532189
778,0.0018524624169012805
779,6.87670145574544e-06
780,0.0021534650595420707
781,7.8066792391464e-05
782,0.005108632305624234
783,0.0
784,0.0004328329770180807
785,0.0
786,0.0009717935213297456
787,0.00046536021037717163
788,0.0
789,2.6368932282866824e-05
790,0.0
791,0.0012155101775523868
792,0.00023525164975001563
793,0.0006771514658310187
794,0.0003079870019770081
795,0.0
796,0.0037754849660091862
797,7.070850449613012e-05
798,0.0018421367712756183
799,0.0004673985182479001
800,0.00019866434433735158
801,0.00014245903789143817
802,0.0
803,0.0
804,0.0009913601718937485
805,2.7883080280716954e-06
806,0.0
807,0.0010364342253057703
808,0.002816891600289709
809,0.0010287286863055825
810,2.8744242962707808e-06
811,9.758472302410071e-05
812,0.0
813,0.0019417280776785942
814,0.0014266541624651451
815,0.0
816,0.0011521105501369722
817,0.00013314860349905965
818,0.0009391196587420501
819,0.0
820,7.068351895734208e-05
821,0.0007603233465564261
822,0.0051690061832696055
823,0.00020872938431875878
824,0.0
825,0.00020041077350076167
826,0.0
827,9.649328472244459e-06
828,0.0
829,0.0013976081889760386
830,0.0017370419252768755
831,6.612577952945697e-06
832,0.0
833,0.0018310832710765647
834,0.0024395585437118855
835,2.8729056450439963e-05
836,0.0
837,6.94198184884012e-05
838,0.0
839,0.006628355398809081
840,0.0011430673946001735
841,2.1040584285464843e-06
842,0.004049126452186717
843,0.0
844,0.0
845,1.93232068074437e-05
846,0.002424709946617538
847,1.5369938122765778e-05
848,0.0
849,0.0
850,0.00010307053925656661
851,0.0024860711546819832
852,0.000934194608980086
853,0.0
854,0.0
855,0.00014904247404746017
856,6.895824311348232e-07
857,1.592618514242477e-06
858,0.0007926560039258506
859,0.0
860,0.00019416086813040968
861,0.0
862,0.0
863,9.06431068857202e-05
864,3.412717385096355e-05
865,9.525291829425897e-06
866,0.0
867,0.0012970068165957774
868,0.0005146498853216744
869,9.242313805999401e-05
870,0.001861210401719069
871,0.0
872,2.8618760548197753e-05
873,0.0003445855054140131
874,0.0
875,0.0005145801412694242
876,0.0
877,0.001176798639736977
878,0.0
879,0.0
880,0.002254736885156357
881,0.00017703483981529656
882,0.00020111971197679125
883,0.00023751533385141192
884,1.2361540425100515e-05
885,0.00013876105333998878
886,0.0
887,0.0
888,0.0
889,0.0
890,0.0
891,0.0
892,8.246206480063522e-05
893,0.0
894,0.0
895,0.0
896,0.0
897,4.0680351818420144e-05
898,0.0002478807235594402
899,0.0
900,0.0001071754111028374
901,0.0
902,8.904818891744922e-05
903,0.0
904,0.0
905,0.0
906,0.0
907,0.00017814488350477773
908,0.0
909,0.0
910,0.0
911,0.0002289456426553399
912,0.0009888086259811594
913,0.0
914,0.0002513780479589444
915,0.0
916,1.5405301534542258e-06
917,0.0
918,0.0017644556671734277
919,2.2859413894578477e-06
920,4.1124478807228705e-06
921,0.0
922,3.6672918783129206e-05
923,5.464259871387535e-05
924,0.0003685593080528126
925,0.0011378164966434805
926,6.274802177621629e-06
927,0.0038016566741531322
928,0.0
929,0.0
930,0.0
931,2.68728065048451e-05
932,0.000507814036791123
933,0.00039772678776408134
934,0.0
935,0.0
936,0.0
937,0.0025122337597943837
938,0.0007569023337916338
939,0.00041631426148234347
940,4.942482637252161e-06
941,0.0007800542115348165
942,0.00021028310259434236
943,8.665906337329336e-05
944,0.0
945,0.0
946,0.0
947,0.0
948,0.00024419492282145325
949,0.0016941749170704217
950,0.0
951,0.00035768506695102
952,2.2372313631826732e-05
953,7.402775981485772e-05
954,0.0
955,1.1254451117536718e-06
956,0.0
957,0.000276318943454337
958,1.4835727455721659e-05
959,0.0
960,3.988195131872678e-06
961,0.00017640385763290043
962,7.069913314394857e-05
963,0.0011247151338644522
964,0.0
965,0.0003492647839424877
966,0.0003592723947890796
967,0.0
968,0.0025739952199151485
969,0.00025358772607535375
970,0.0010579222851840567
971,0.0
972,0.00040291746143153765
973,7.716997954428177e-05
974,0.0010893534552096334
975,0.0
976,1.9867871567425842e-06
977,0.0009968493626052078
978,3.8785233144026047e-07
979,9.830228599660705e-05
980,3.1582215591326776e-06
981,0.0
982,0.0005650791194904072
983,0.0002541269644968155
984,7.154291872301416e-05
985,0.0010031511416091052
986,0.0
987,0.0001566431466425866
988,0.0
989,0.0007526986594510217
990,0.0010264123198587976
991,0.0002802067423200056
992,0.0006737097932358613
993,0.0006218474829272525
994,0.0001889463535817701
995,7.217512646271895e-05
996,0.0001672295258879664
997,4.292204200189942e-05
998,0.00012127181565130233
999,0.0020841268846455607
1000,4.3944921027693046e-07
1001,0.00025852598938783095
1002,9.440221338983613e-06
1003,0.0014965127893972348
1004,6.023696983531161e-05
1005,0.0003739900272114259
1006,0.0
1007,1.8244154278876965e-06
1008,5.044738624584875e-05
1009,0.0
1010,0.0
1011,0.0
1012,0.000960264301197589
1013,0.0016427459041540862
1014,0.0
1015,0.0
1016,1.7797926055205672e-06
1017,0.0024632242158270593
1018,8.001773598491379e-05
1019,0.0
1020,0.003287633328427899
1021,9.267693813283618e-06
1022,0.0004992154296121762
1023,0.0
1024,5.096599905414026e-06
1025,0.0015879147291388202
1026,0.0
1027,2.568505594963235e-06
1028,0.0005311849620910127
1029,0.0
1030,0.0006622361457885932
1031,0.0005122823311552093
1032,0.0036977738370965814
1033,0.0019049554345301918
1034,1.5959716682923725e-06
1035,0.0007689293898045943
1036,0.0001185910006831195
1037,6.128946437599777e-05
1038,0.0012725668916364929
1039,4.240853474976495e-05
1040,0.0001008724773573445
1041,0.0020654747395412883
1042,8.78788015696263e-05
1043,5.747182715806264e-06
1044,8.479753359079595e-05
1045,1.853782931587495e-06
1046,1.1911067938848272e-06
1047,0.0
1048,0.00034527611717406325
1049,0.0008535023285605244
1050,4.871219808756438e-06
1051,0.0009561215205666637
1052,0.0
1053,1.253508608322969e-05
1054,0.0
1055,0.00027696349505935654
1056,0.0
1057,1.4073935469712458e-05
1058,6.913756795948959e-05
1059,0.0003145571604339918
1060,0.0
1061,0.0011464996100372608
1062,5.711453837589293e-06
1063,2.560242324454997e-06
1064,1.1563447950955022e-05
1065,6.375056700675338e-05
1066,0.0
1067,0.0002732878258589299
1068,0.000863012972893379
1069,8.014844061529161e-06
1070,1.5389984637083796e-05
1071,0.001516732901838801
1072,0.0
1073,7.5616691513748175e-06
1074,4.494948264618956e-05
1075,0.0008869376453676121
1076,4.006252810288393e-06
1077,1.3770686511613453e-05
1078,0.0002711153809619041
1079,7.256274490636256e-05
1080,1.2094547196032404e-05
1081,0.0
1082,0.0002154266407894381
1083,0.0
1084,0.0
1085,0.0
1086,0.0
1087,0.0
1088,0.0
1089,3.6291192973318304e-06
1090,0.00036876730274061707
1091,0.0
1092,0.0007405719758482297
1093,3.989693763767797e-07
1094,0.0
1095,0.0
1096,0.0007411088973400238
1097,0.0
1098,2.449307879206811e-06
1099,3.2517252880056244e-05
1100,9.573609347683297e-05
1101,7.100381481259918e-07
1102,0.0008153314136987846
1103,2.0128954636017905e-05
1104,0.00023126830909778979
1105,0.0
1106,4.938558613277351e-05
1107,0.0
1108,0.0
1109,7.437875228239889e-05
1110,0.00010217451448997114
1111,0.0
1112,0.004422385611448403
1113,7.498223278530303e-05
1114,0.0
1115,0.0
1116,0.000549629054257522
1117,0.0014814483530459983
1118,0.0
1119,1.4721127647537365e-06
1120,1.5138129595228749e-05
1121,0.0
1122,1.3016401325657104e-05
1123,8.870958264398494e-06
1124,0.0
1125,2.5618447469809986e-05
1126,0.005312871686125377
1127,6.490759313082807e-06
1128,4.217030433135782e-05
1129,0.00034451129426200797
1130,6.869635017745972e-05
1131,0.0005486689942341159
1132,0.0
1133,0.0
1134,0.0
1135,0.0014497082224515935
1136,4.538848015007178e-05
1137,0.0007136426961707345
1138,0.0
1139,0.0
1140,0.0
1141,0.0025708914590093757
1142,0.0
1143,0.0
1144,0.0
1145,7.544700727826274e-06
1146,0.0
1147,0.0
1148,0.0
1149,0.0
1150,0.0
1151,0.0
1152,2.774830852041134e-05
1153,1.7382612064655002e-05
1154,0.0
1155,0.0
1156,0.0
1157,0.00156726137888613
1158,0.0
1159,0.0
1160,1.0841951263722583e-05
1161,2.7316710981747577e-06
1162,2.6224465094619808e-05
1163,0.0
1164,6.332660229194497e-06
1165,0.0
1166,0.001744947607301002
1167,0.0012219237500691574
1168,9.62166283823396e-05
1169,0.0
1170,5.844481911736988e-06
1171,0.0
1172,0.0011043982382444044
1173,4.446776728833702e-05
1174,2.0315601900587322e-05
1175,1.845870028732717e-05
1176,4.1384416730848133e-07
1177,0.0001887240974099884
1178,5.248809614999494e-06
1179,7.903590548289073e-05
1180,0.0016074243506722563
1181,1.3995660716668821e-05
1182,0.0031641771663016736
1183,0.0008392280820908518
1184,0.003811817351564831
1185,0.0004749565224020114
1186,0.00018438841169115942
1187,8.961863462111012e-06
1188,0.008883920900900424
1189,0.002036074252551075
1190,0.0
1191,0.0
1192,0.0
1193,7.005655174683522e-07
1194,2.2804986627060515e-05
1195,0.0005949103374683501
1196,0.0
1197,0.0002652833672361324
1198,0.00032514532262144816
1199,0.0
1200,0.0
1201,1.7953360963266708e-07
1202,0.0
1203,0.0
1204,0.0
1205,2.3102594936236514e-06
1206,3.190785321233489e-05
1207,0.0
1208,1.0982720304019116e-05
1209,0.0
1210,0.0003708378584477181
1211,0.0
1212,8.572681358988428e-05
1213,0.00010012442838537107
1214,0.0007649018017839393
1215,1.7074265501507592e-05
1216,0.000609240159128896
1217,0.0
1218,7.175833490658249e-05
1219,2.653596314195682e-06
1220,0.0
1221,0.0
1222,3.0341328850577506e-05
1223,0.000561122126431778
1224,4.523028030563809e-06
1225,4.509759275326673e-06
1226,0.00030423331069456827
1227,3.862633927986512e-06
1228,0.0
1229,0.0
1230,0.0023685318342028796
1231,0.0
1232,3.0116069572435836e-06
1233,0.0011056175362101038
1234,8.349624500459143e-05
1235,0.003203687585760326
1236,0.0008384537091900263
1237,0.00015117330441409384
1238,5.360433278532631e-06
1239,6.181594300426329e-06
1240,0.00014252484613808746
1241,0.0
1242,0.0
1243,0.0007190290539173033
1244,0.0
1245,0.0019530285419405062
1246,1.312441077246248e-05
1247,0.0005547561224238097
1248,4.261707944380089e-05
1249,0.0
1250,0.0
1251,5.618606690631613e-05
1252,0.002617701137343958
1253,7.646477412001018e-07
1254,0.00770697156556518
1255,0.0006851276590446232
1256,0.0
1257,0.0
1258,0.0
1259,0.0007297281599939547
1260,1.2356454750746579e-06
1261,7.883540007476219e-05
1262,0.0
1263,1.9825721841279204e-06
1264,2.8370204079048597e-05
1265,0.0
1266,1.737916548567311e-05
1267,8.4597627563121e-05
1268,0.004321929190455877
1269,0.0006398416522633606
1270,8.270084793240926e-05
1271,0.000206912902019197
1272,1.6269223577136913e-05
1273,0.0001256114456514306
1274,0.0
1275,0.0
1276,0.0
1277,0.0
1278,2.2945899794226464e-05
1279,0.004253103639238015
1280,0.01179759460481886
1281,0.0002753258662254991
1282,0.016919323433337213
1283,0.0012235891887152834
1284,0.002619357892520647
1285,7.580300369966082e-06
1286,5.0369271754145234e-05
1287,0.0
1288,1.438776743850001e-05
1289,0.000462819362831472
1290,0.00024389919133466787
1291,1.6632948441785625e-05
1292,0.0
1293,3.449176980327374e-05
1294,6.707307451452176e-05
1295,0.0
1296,0.00036211553207333557
1297,1.8366358596326966e-05
1298,8.668646343878901e-06
1299,0.0
1300,0.0
1301,0.0006105452947411619
1302,0.0
1303,6.30206591214887e-06
1304,2.669298720862957e-07
1305,5.423181195187806e-06
1306,0.0
1307,0.00022103033249000215
1308,0.0
1309,0.0002491846270773324
1310,0.0
1311,0.0015918473894629877
1312,0.0013887070939954229
1313,6.875927359212645e-06
1314,1.0613695744265466e-05
1315,9.496806438899123e-05
1316,0.0007934836324794514
1317,0.0
1318,6.17884050322241e-05
1319,2.1854285928683462e-06
1320,2.82492777577298e-06
1321,0.0
1322,2.458322638287799e-05
1323,0.0
1324,0.00025953089601359015
1325,0.0004334247367222518
1326,1.3508299699862045e-06
1327,0.0002432840017884725
1328,0.00041245962284026477
1329,0.0
1330,0.0
1331,0.0021078470339862486
1332,0.0
1333,1.1275438193319367e-05
1334,8.688171140438166e-05
1335,8.926792288315612e-07
1336,0.0
1337,0.002026634422362687
1338,0.0023389201497012175
1339,0.0004372518655388147
1340,0.0
1341,0.0001549565984420481
1342,0.002145551031254289
1343,0.000460804084205039
1344,0.0
1345,0.0016826436622891668
1346,0.0
1347,0.0
1348,0.0002567390356283913
1349,1.417065048568058e-05
1350,0.0
1351,1.0558222323785749e-05
1352,5.089443039039918e-06
1353,0.0005750760694196765
1354,2.469119210922943e-05
1355,0.0001901915677898929
1356,0.0
1357,6.382876854322198e-05
1358,0.0006198475340490054
1359,0.0
1360,1.1140877874519506e-06
1361,0.0006096460014637908
1362,0.0
1363,2.3072381569043216e-05
1364,0.0010672082098622307
1365,0.0
1366,5.457235115123854e-05
1367,2.253842481265705e-06
1368,7.66083596237829e-07
1369,0.0
1370,1.6521879683930055e-06
1371,0.0
1372,0.0014713741965114951
1373,1.683051987694254e-06
1374,0.0001539133330293326
1375,1.8183559282806858e-06
1376,2.7205290114994746e-05
1377,4.052358369027164e-05
1378,0.0003114203667767411
1379,1.3480996314116398e-05
1380,0.00036228440197630065
1381,0.0
1382,0.0003260535051829115
1383,1.2649529404453496e-05
1384,0.0
1385,1.667022850495431e-06
1386,0.00035958306441429173
1387,0.0
1388,0.0
1389,0.0
1390,3.4909779674830436e-05
1391,0.0
1392,0.0009052608165210334
1393,0.0
1394,0.0006326222053341495
1395,4.4777914391152716e-06
1396,0.00016323994121120487
1397,5.097357373433582e-05
1398,3.1085458278137482e-06
1399,0.0003822835961499398
1400,1.6169688981328113e-05
1401,0.007176571298958943
1402,0.00039047334282740656
1403,0.0
1404,1.2403638420442794e-06
1405,0.0013975908948450346
1406,1.9339253910238564e-06
1407,0.00015535146390601088
1408,6.622196440863955e-05
1409,2.3674404229258143e-05
1410,0.0
1411,8.062801695680194e-05
1412,0.0005917003925277624
1413,2.2679280734747446e-06
1414,7.627068087406603e-05
1415,8.406982183037395e-05
1416,0.00014026216649803557
1417,0.0
1418,8.732215713325241e-06
1419,6.518523148305766e-05
1420,0.0005057818021007913
1421,2.601607648398448e-06
1422,0.0002800990353982933
1423,0.00024976064608568833
1424,3.212092677227781e-05
1425,9.31463484958648e-05
1426,1.3162678611795682e-05
1427,0.0
1428,0.0012529978012270503
1429,0.0
1430,1.7983616451049556e-05
1431,0.0
1432,9.819639651890574e-05
1433,0.0007490191178187911
1434,4.234317554396865e-06
1435,0.0014489790738775772
1436,0.000529319029427541
1437,9.458424866161028e-06
1438,0.0
1439,0.0017520150118549489
1440,3.0735137159609845e-05
1441,2.88002275762924e-06
1442,2.677278505329241e-06
1443,0.00014418309158962966
1444,0.0
1445,0.0
1446,0.0008956199464674853
1447,0.0
1448,0.00014974464557762708
1449,0.0
1450,0.0
1451,1.8532665867222652e-05
1452,0.0
1453,8.453935307109348e-06
1454,0.0
1455,0.0
1456,0.0
1457,0.0
1458,0.0
1459,0.0
1460,7.659895249698664e-07
1461,0.0
1462,0.00047220628957690854
1463,0.0
1464,0.0
1465,0.0
1466,4.9428615800282255e-05
1467,9.686058095036466e-05
1468,0.0
1469,0.0
1470,0.0
1471,0.0005822334612464785
1472,0.0
1473,0.0005996673560715699
1474,0.0
1475,1.5372000951814444e-05
1476,0.0
1477,0.0
1478,1.4251454746268063e-05
1479,5.257023619043677e-06
1480,0.0
1481,0.0
1482,0.0
1483,0.0
1484,5.8950884835233475e-05
1485,0.0
1486,0.0010232671316165647
1487,0.0030817784662199106
1488,0.0017186617942662697
1489,0.0
1490,2.479957751071449e-05
1491,8.107648132198051e-06
1492,0.0011525271342819193
1493,0.0
1494,0.0
1495,1.1749845655354862e-05
1496,0.00012276984737912575
1497,0.0
1498,0.0
1499,0.00019232620666213937
1500,2.920803121773456e-06
1501,0.0009650072372262395
1502,0.0
1503,3.8600421377865936e-07
1504,0.0
1505,0.0
1506,0.00048573439113685845
1507,0.00012945639878849882
1508,0.0013859387228027612
1509,0.00015276197679576036
1510,0.0
1511,0.0
1512,3.707562983454578e-05
1513,0.0005174706402069826
1514,0.0
1515,3.3465767312802367e-07
1516,0.0004598607703839636
1517,0.00028164394057961293
1518,0.0
1519,0.000875609854063086
1520,0.00010531729837957923
1521,0.000561690824559247
1522,7.291966898302018e-06
1523,0.0
1524,0.0
1525,1.4137283530441918e-05
1526,0.0
1527,0.0
1528,0.0
1529,1.4252335600844386e-05
1530,0.0
1531,0.0
1532,4.1037508302456676e-07
1533,6.9943847268332485e-06
1534,3.976953885138205e-05
1535,0.0
1536,0.0
1537,0.0
1538,0.002511099725887236
1539,0.0025051912942162893
1540,0.0
1541,0.0003197328660671709
1542,0.009626116023153485
1543,0.0
1544,0.0004619506662135185
1545,0.0012956452970409322
1546,0.0
1547,9.16446204402469e-05
1548,0.0
1549,2.953224337872809e-05
1550,4.835456423705261e-05
1551,9.852931312654077e-06
1552,0.00040388633058433476
1553,0.0002285400920301532
1554,1.5333620615864198e-05
1555,0.0013306205207082862
1556,0.0004691612248593144
1557,0.0
1558,0.0
1559,0.0
1560,4.5334896668643656e-05
1561,0.0005202787928586505
1562,0.0
1563,1.4375553230682965e-06
1564,0.002500529922050265
1565,2.3467490459723903e-06
1566,0.0
1567,0.0009765371129896542
1568,0.0
1569,0.0
1570,0.0
1571,0.0005153738848478694
1572,0.0002177605912374501
1573,0.0
1574,1.2789323388797262e-05
1575,8.066841870297612e-05
1576,4.132934880484694e-05
1577,0.00017943627878633426
1578,5.452026136040093e-05
1579,0.0016975291150198785
1580,0.0
1581,0.00010955284008861365
1582,2.1670055903645815e-06
1583,0.0
1584,0.0022208697700289576
1585,0.000372387196939505
1586,4.233024511624717e-05
1587,2.7131027465085797e-05
1588,0.0
1589,0.0
1590,0.0
1591,6.1715709218716894e-06
1592,0.0
1593,3.105418827973006e-05
1594,0.0
1595,0.0
1596,0.0
1597,0.0033877052880112923
1598,0.0
1599,0.0
1600,0.0029253391681750146
1601,8.466374509887986e-07
1602,0.0008275564385734355
1603,0.0
1604,6.4261799000137346e-06
1605,0.0
1606,0.0
1607,7.690233957891038e-05
1608,0.0
1609,0.0
1610,0.0003691147855329223
1611,0.0
1612,0.0
1613,0.0
1614,0.0
1615,0.0005006116211736253
1616,3.54403181695752e-05
1617,0.0
1618,0.0003409750802988063
1619,0.0
1620,0.0008842578660002067
1621,0.0
1622,4.502953076189908e-06
1623,0.014453911200123685
1624,3.1300156908842508e-06
1625,3.19686946181968e-05
1626,3.1973786858657098e-06
1627,0.0
1628,7.50650002501588e-05
1629,4.044970661708216e-07
1630,0.0
1631,0.0
1632,0.0
1633,0.0
1634,0.0
1635,1.0415174104341642e-05
1636,1.8185587230273407e-05
1637,4.54563686809228e-05
1638,7.180169596334743e-06
1639,0.0
1640,0.00012322650910968818
1641,0.0005376874968192253
1642,0.0
1643,0.0035377875198539487
1644,0.0
1645,0.0005627961692969561
1646,0.0026319177265294426
1647,0.0006295659854811199
1648,1.5126878644320837e-05
1649,0.0
1650,0.0
1651,2.5536656714677634e-05
1652,2.715047547407834e-06
1653,0.0
1654,0.00040918227822513614
1655,4.80534187972184e-06
1656,0.0007198400054798341
1657,0.0
1658,0.0
1659,0.0
1660,8.430501096703805e-07
1661,0.0
1662,0.0
1663,0.0
1664,0.0002966934981923876
1665,0.0
1666,0.0010122841286048546
1667,1.9989434262237015e-05
1668,0.0012759493310264308
1669,0.0
1670,0.0
1671,0.0
1672,6.439915601208857e-05
1673,0.0
1674,0.00024420291670622087
1675,0.00016321488818541764
1676,2.6999702965910196e-06
1677,0.0005662714156624323
1678,5.068746051106619e-06
1679,4.682227877650345e-06
1680,8.22429553433003e-05
1681,0.0
1682,0.0
1683,0.0
1684,0.0
1685,0.00020373069586244989
1686,0.0
1687,2.4275684197324245e-05
1688,0.0
1689,4.1694850690693247e-05
1690,0.0
1691,0.0
1692,0.0
1693,0.0
1694,0.0
1695,0.0
1696,0.0
1697,3.5612928879959306e-06
1698,0.0
1699,4.9204303476901254e-05
1700,0.0
1701,0.0
1702,0.0
1703,4.569757437639398e-06
1704,0.0
1705,0.0
1706,0.0
1707,0.0
1708,0.0
1709,0.0
1710,0.0
1711,0.0005370389181122958
1712,0.01136795594577599
1713,0.0
1714,0.0
1715,4.3897900162627824e-05
1716,4.331255085943186e-05
1717,0.0
1718,0.0
1719,7.826075638223797e-06
1720,0.0
1721,0.0
1722,0.0
1723,0.0013030196497611883
1724,7.755613251257378e-06
1725,0.0
1726,0.00021744985942624386
1727,1.285399956150653e-06
1728,0.0
1729,0.0003410434390011253
1730,3.5448818439680486e-05
1731,2.7581685234247747e-06
1732,0.0
1733,8.769014672458984e-06
1734,0.0
1735,9.991645549451144e-08
1736,0.00047007533149903154
1737,1.143759102131481e-05
1738,8.119486482283271e-05
1739,0.0
1740,0.0011709017847007128
1741,1.1154220830304596e-05
1742,0.0
1743,2.780255522502523e-05
1744,0.0
1745,9.835022915935315e-06
1746,0.0
1747,0.0008667528368384834
1748,0.0001541388878261939
1749,0.00025131626979228125
1750,0.0
1751,1.1132593969495289e-05
1752,0.0
1753,6.897351639218198e-07
1754,2.4876402699031967e-06
1755,0.0012767775518492
1756,0.0
1757,0.0005270170915513926
1758,0.0
1759,0.0
1760,0.0
1761,6.083752740953659e-06
1762,0.0
1763,0.0
1764,0.0
1765,0.0
1766,0.0
1767,0.0
1768,0.0
1769,0.0
1770,0.0006539345419008783
1771,8.604670268127697e-06
1772,1.8595229553146752e-05
1773,0.0
1774,8.358230097058615e-05
1775,0.0
1776,0.0
1777,0.0
1778,0.0
1779,0.0
1780,0.0004659947305732824
1781,0.0
1782,0.0012963245043944949
1783,0.0
1784,0.0
1785,0.00012094331358922605
1786,0.0
1787,4.006138401924726e-06
1788,0.00023663806798587098
1789,0.0
1790,1.719488667666603e-05
1791,0.00046993230220768764
1792,2.428072566554827e-06
1793,0.0
1794,0.0
1795,0.0006378046471659877
1796,0.0
1797,0.0
1798,1.0254402708605082e-05
1799,0.0017647519543086444
1800,0.0008829314546344321
1801,0.0
1802,0.0
1803,0.0
1804,0.0
1805,0.0
1806,1.7050251201495414e-05
1807,7.472928804456873e-05
1808,0.0
1809,0.0
1810,3.0224059324001993e-05
1811,0.0
1812,0.0
1813,5.9658198102049735e-05
1814,0.0
1815,0.0
1816,0.0
1817,0.0
1818,0.0
1819,0.0
1820,0.0
1821,0.0
1822,0.0
1823,0.0
1824,0.0
1825,0.0
1826,0.0
1827,0.0
1828,0.0
1829,0.0
1830,0.00014289807431355742
1831,0.0
1832,0.0
1833,0.0
1834,0.0
1835,0.0007284740503067484
1836,0.0
1837,0.0
1838,0.0006614995497328724
1839,0.0
1840,0.0
1841,0.0
1842,0.0
1843,0.0
1844,0.0
1845,0.0
1846,0.0
1847,7.692000887941425e-06
1848,0.0
1849,0.0
1850,0.0
1851,7.14799317858155e-05
1852,0.0
1853,0.0
1854,0.0
1855,0.0
1856,0.0
1857,0.0
1858,8.172854177254216e-06
1859,0.0003701746330224771
1860,0.0
1861,0.0008904000954804746
1862,0.0
1863,8.823707817456709e-06
1864,4.226428892804719e-05
1865,0.00011556873752653698
1866,0.0
1867,0.00018525478002316115
1868,0.0
1869,4.993747100338331e-06
1870,0.0
1871,6.630204644124486e-06
1872,0.0
1873,0.0
1874,3.1330736003338492e-06
1875,0.00039350563076068066
1876,0.0
1877,0.000100625302762146
1878,1.062598077994292e-05
1879,0.0
1880,2.125360031183108e-05
1881,0.0
1882,0.0
1883,0.0
1884,0.0
1885,0.0
1886,0.0
1887,0.0
1888,0.0
1889,0.0
1890,0.0
1891,0.0
1892,1.974053708441122e-06
1893,0.0
1894,0.0
1895,0.0
1896,0.0
1897,0.0
1898,0.0
